start,end,window_count,mean_gc_percent,mean_cpg_oe
1,2689,22,53.25080325080326,1.3222189157227973
6529,7009,1,50.103950103950105,1.4516423357664234
