treatment,n,mean,sd,se
Control,10,46.591,3.919839707607102,1.239562153880689
High,10,61.42999999999999,4.209850881497402,1.3312717395199392
Low,10,53.13199999999999,3.039067108322697,0.9610374024401381
Medium,10,58.487,2.4086328533469388,0.7616765863686644
