comparison,mean_difference,pooled_se,t,df_error,p_value,bonferroni_p_value
Control - High,-14.838999999999992,1.5512161179037705,-9.56604294445613,36,2.00502237103418e-11,1.2030134226205082e-10
Control - Low,-6.54099999999999,1.5512161179037705,-4.2166916166647,36,0.00015942265660877806,0.0009565359396526683
Control - Medium,-11.896,1.5512161179037705,-7.66882181193141,36,4.443522820195571e-09,2.6661136921173423e-08
High - Low,8.298000000000002,1.5512161179037705,5.34935132779143,36,5.147797348912866e-06,3.08867840934772e-05
High - Medium,2.9429999999999907,1.5512161179037705,1.89722113252472,36,0.0658428811250581,0.39505728675034857
Low - Medium,-5.355000000000011,1.5512161179037705,-3.4521301952667103,36,0.001438453235584445,0.00863071941350667
