source,df,sum_sq,mean_sq,f,p_value
Between treatments,3,1276.7237399999992,425.57457999999974,35.37211738788312,7.856414561729199e-11
Within treatments / pooled error,36,433.12885999999986,12.03135722222222,,
Total,39,1709.8525999999997,,,
