start,end,window_count,mean_gc_percent,mean_cpg_oe
1,480,4,56.00000000000001,1.5156427999230782
