start,end,midpoint,gc_percent,gc_skew,at_skew,cpg_observed_expected,shannon_entropy
1,300,150.0,57.333333333333336,0.08139534883720931,-0.046875,1.7149857084524296,1.9810073508590644
61,360,210.0,55.333333333333336,0.07228915662650602,-0.014925373134328358,1.6635050342915512,1.9896176102552214
121,420,270.0,58.0,0.06896551724137931,-0.031746031746031744,1.3142174432497014,1.9791570068129238
181,480,330.0,53.333333333333336,0.0875,-0.08571428571428572,1.36986301369863,1.9913661306332373
