start,end,window_count,mean_gc_percent,mean_cpg_oe
1,440,18,56.52777777777778,1.7332133209964573
