codon,amino_acid,count,frequency_percent
GCT,A,20,40.816326530612244
GAC,D,7,14.285714285714286
GAA,E,4,8.16326530612245
TTC,F,1,2.0408163265306123
GGT,G,3,6.122448979591836
AAA,K,4,8.16326530612245
AAG,K,1,2.0408163265306123
CTG,L,4,8.16326530612245
ATG,M,1,2.0408163265306123
AAC,N,1,2.0408163265306123
CGT,R,1,2.0408163265306123
GTT,V,2,4.081632653061225
